{
  "version": "1.0.1",
  "launchPage":"Main",
  "page": [
    { "page":"Main", "path": "page/main/index", "name":"主页" },
	{ "page":"My", "path": "page/my/index", "name":"我的" },
  ],  
  "navigationBar": {
    "backgroundColor": "#fff",    
    "textColor": "#000"
  },
  "tabBar": {
	"color": "#000000",
    "selectedColor": "#d81e06",
    "position": "bottom",
	"list": [
      {
        "page": "Main",
        "iconXe": "608",        
        "text": "首页"
      },
	  {
        "page": "My",
        "iconXe": "607",        
        "text": "我的"
      }
	]
  },
  "html_tags":["jquery-3.0.0.min.js","jquery.json.min.js","jquery.md5.js","tempo.min.js","mui/css/mui.min.css","mui/js/mui.min.js","rookie3/iconfont.css","tb/iconfont.css","screenlog.js","app.js" ]
}