{
  "version": "1.0.1",
  "build": "1", 
  "launchPage":"Main",
  "page": [
    { "page":"Main", "path": "page/main/index", "name":"主页" },
	{ "page":"My", "path": "page/my/index", "name":"我的" },
    { "page":"Login", "path": "page/login/index", "name":"登录" },
    { "page":"Debug", "path": "page/debug/index", "name":"Debug" },
  ],  
  "navigationBar": {
    "backgroundColor": "#fff",    
    "textColor": "#000"
  },
  "tabBar": {
	"color": "#000000",
    "selectedColor": "#d81e06",
    "position": "bottom",
	"list": [
      {
        "page": "Main",
        "iconXe": "608",        
        "text": "首页"
      },
	  {
        "page": "My",
        "iconXe": "607",        
        "text": "我的"
      },
	  {
        "page": "Debug",
        "iconXe": "607",        
        "text": "调试"
      },
	]
  },
  "html_tags":[
	"frozenui/frozenui.css", 
	"tb/iconfont.css", 
	"rookie3/iconfont.css", 
	"cloudpower/css/iconfont.css",
	"vue/vue.min.js", 
	"axios/axios.min.js", 
	"md5.min.js", 
	"base64.min.js", 
	"ajaxfileupload.js", 
	"app.js",
  ]
}